{
  "dense-multilingual-e5-base": {
    "mrr@10": 0.41148569599444906,
    "success@100": 0.8760101765938342
  }
}