{
  "dense-embeddinggemma-300m": {
    "mrr@10": 0.4729975223652217,
    "success@100": 0.9169410356180784
  }
}