{
  "dense-granite-embedding-97m": {
    "mrr@10": 0.40762965417634434,
    "success@100": 0.8382969170906914
  }
}