{
  "bm25-pyvi_k1=1.0_b=0.6": {
    "mrr@10": 0.3753510972382565,
    "success@100": 0.8397186471116432
  },
  "bm25-pyvi_k1=1.0_b=0.75": {
    "mrr@10": 0.38883710323398973,
    "success@100": 0.8438341813828195
  },
  "bm25-pyvi_k1=1.0_b=0.9": {
    "mrr@10": 0.3928077326909996,
    "success@100": 0.8469769530080814
  },
  "bm25-pyvi_k1=1.2_b=0.6": {
    "mrr@10": 0.37309658024638453,
    "success@100": 0.8412152050284346
  },
  "bm25-pyvi_k1=1.2_b=0.75": {
    "mrr@10": 0.3879946955336042,
    "success@100": 0.8464531577372044
  },
  "bm25-pyvi_k1=1.2_b=0.9": {
    "mrr@10": 0.3910570568644481,
    "success@100": 0.8492217898832685
  },
  "bm25-pyvi_k1=1.5_b=0.6": {
    "mrr@10": 0.3680188839478717,
    "success@100": 0.8429362466327447
  },
  "bm25-pyvi_k1=1.5_b=0.75": {
    "mrr@10": 0.3855566720352694,
    "success@100": 0.8486231667165519
  },
  "bm25-pyvi_k1=1.5_b=0.9": {
    "mrr@10": 0.38847724638094155,
    "success@100": 0.8493714456749476
  },
  "bm25-pyvi_k1=1.8_b=0.6": {
    "mrr@10": 0.3636027909617397,
    "success@100": 0.8428614187369051
  },
  "bm25-pyvi_k1=1.8_b=0.75": {
    "mrr@10": 0.3816532095228566,
    "success@100": 0.8480993714456749
  },
  "bm25-pyvi_k1=1.8_b=0.9": {
    "mrr@10": 0.38431752801888824,
    "success@100": 0.8486979946123915
  },
  "bm25-pyvi_k1=2.0_b=0.6": {
    "mrr@10": 0.36021914477653666,
    "success@100": 0.8418886560909907
  },
  "bm25-pyvi_k1=2.0_b=0.75": {
    "mrr@10": 0.378790240779538,
    "success@100": 0.8475007482789584
  },
  "bm25-pyvi_k1=2.0_b=0.9": {
    "mrr@10": 0.3810516763824144,
    "success@100": 0.8474259203831188
  },
  "bm25-pyvi_k1=2.2_b=0.6": {
    "mrr@10": 0.3565071169643144,
    "success@100": 0.8410655492367555
  },
  "bm25-pyvi_k1=2.2_b=0.75": {
    "mrr@10": 0.37590120104711355,
    "success@100": 0.8467524693205627
  },
  "bm25-pyvi_k1=2.2_b=0.9": {
    "mrr@10": 0.377196347210938,
    "success@100": 0.8457048787788087
  }
}