{
  "bm25plus-non-seg_k1=1.0_b=0.6_delta=0.75": {
    "mrr@10": 0.336550249901418,
    "success@100": 0.7828494462735708
  },
  "bm25plus-non-seg_k1=1.0_b=0.6_delta=1.0": {
    "mrr@10": 0.336550249901418,
    "success@100": 0.7828494462735708
  },
  "bm25plus-non-seg_k1=1.0_b=0.6_delta=1.25": {
    "mrr@10": 0.336550249901418,
    "success@100": 0.7828494462735708
  },
  "bm25plus-non-seg_k1=1.0_b=0.75_delta=0.75": {
    "mrr@10": 0.36543945948128786,
    "success@100": 0.8006584854833882
  },
  "bm25plus-non-seg_k1=1.0_b=0.75_delta=1.0": {
    "mrr@10": 0.36543945948128786,
    "success@100": 0.8006584854833882
  },
  "bm25plus-non-seg_k1=1.0_b=0.75_delta=1.25": {
    "mrr@10": 0.36543945948128786,
    "success@100": 0.8006584854833882
  },
  "bm25plus-non-seg_k1=1.0_b=0.9_delta=0.75": {
    "mrr@10": 0.37966736030938286,
    "success@100": 0.8120323256510027
  },
  "bm25plus-non-seg_k1=1.0_b=0.9_delta=1.0": {
    "mrr@10": 0.37966736030938286,
    "success@100": 0.8120323256510027
  },
  "bm25plus-non-seg_k1=1.0_b=0.9_delta=1.25": {
    "mrr@10": 0.37966736030938286,
    "success@100": 0.8120323256510027
  },
  "bm25plus-non-seg_k1=1.2_b=0.6_delta=0.75": {
    "mrr@10": 0.338694336359706,
    "success@100": 0.7892098174199341
  },
  "bm25plus-non-seg_k1=1.2_b=0.6_delta=1.0": {
    "mrr@10": 0.338694336359706,
    "success@100": 0.7892098174199341
  },
  "bm25plus-non-seg_k1=1.2_b=0.6_delta=1.25": {
    "mrr@10": 0.338694336359706,
    "success@100": 0.7892098174199341
  },
  "bm25plus-non-seg_k1=1.2_b=0.75_delta=0.75": {
    "mrr@10": 0.3677162466802532,
    "success@100": 0.8072433403172703
  },
  "bm25plus-non-seg_k1=1.2_b=0.75_delta=1.0": {
    "mrr@10": 0.3677162466802532,
    "success@100": 0.8072433403172703
  },
  "bm25plus-non-seg_k1=1.2_b=0.75_delta=1.25": {
    "mrr@10": 0.3677162466802532,
    "success@100": 0.8072433403172703
  },
  "bm25plus-non-seg_k1=1.2_b=0.9_delta=0.75": {
    "mrr@10": 0.3823222362376057,
    "success@100": 0.8169709667764142
  },
  "bm25plus-non-seg_k1=1.2_b=0.9_delta=1.0": {
    "mrr@10": 0.3823222362376057,
    "success@100": 0.8169709667764142
  },
  "bm25plus-non-seg_k1=1.2_b=0.9_delta=1.25": {
    "mrr@10": 0.3823222362376057,
    "success@100": 0.8169709667764142
  },
  "bm25plus-non-seg_k1=1.5_b=0.6_delta=0.75": {
    "mrr@10": 0.3388163177073676,
    "success@100": 0.7963184675246932
  },
  "bm25plus-non-seg_k1=1.5_b=0.6_delta=1.0": {
    "mrr@10": 0.3388163177073676,
    "success@100": 0.7963184675246932
  },
  "bm25plus-non-seg_k1=1.5_b=0.6_delta=1.25": {
    "mrr@10": 0.3388163177073676,
    "success@100": 0.7963184675246932
  },
  "bm25plus-non-seg_k1=1.5_b=0.75_delta=0.75": {
    "mrr@10": 0.3694213725098929,
    "success@100": 0.8136785393594732
  },
  "bm25plus-non-seg_k1=1.5_b=0.75_delta=1.0": {
    "mrr@10": 0.3694213725098929,
    "success@100": 0.8136785393594732
  },
  "bm25plus-non-seg_k1=1.5_b=0.75_delta=1.25": {
    "mrr@10": 0.3694213725098929,
    "success@100": 0.8136785393594732
  },
  "bm25plus-non-seg_k1=1.5_b=0.9_delta=0.75": {
    "mrr@10": 0.38348290004418367,
    "success@100": 0.8219096079018258
  },
  "bm25plus-non-seg_k1=1.5_b=0.9_delta=1.0": {
    "mrr@10": 0.38348290004418367,
    "success@100": 0.8219096079018258
  },
  "bm25plus-non-seg_k1=1.5_b=0.9_delta=1.25": {
    "mrr@10": 0.38348290004418367,
    "success@100": 0.8219096079018258
  },
  "bm25plus-non-seg_k1=1.8_b=0.6_delta=0.75": {
    "mrr@10": 0.33614341775820455,
    "success@100": 0.7988626159832386
  },
  "bm25plus-non-seg_k1=1.8_b=0.6_delta=1.0": {
    "mrr@10": 0.33614341775820455,
    "success@100": 0.7988626159832386
  },
  "bm25plus-non-seg_k1=1.8_b=0.6_delta=1.25": {
    "mrr@10": 0.33614341775820455,
    "success@100": 0.7988626159832386
  },
  "bm25plus-non-seg_k1=1.8_b=0.75_delta=0.75": {
    "mrr@10": 0.3687752395680406,
    "success@100": 0.8167464830888955
  },
  "bm25plus-non-seg_k1=1.8_b=0.75_delta=1.0": {
    "mrr@10": 0.3687752395680406,
    "success@100": 0.8167464830888955
  },
  "bm25plus-non-seg_k1=1.8_b=0.75_delta=1.25": {
    "mrr@10": 0.3687752395680406,
    "success@100": 0.8167464830888955
  },
  "bm25plus-non-seg_k1=1.8_b=0.9_delta=0.75": {
    "mrr@10": 0.38079346075454984,
    "success@100": 0.8240796168811733
  },
  "bm25plus-non-seg_k1=1.8_b=0.9_delta=1.0": {
    "mrr@10": 0.38079346075454984,
    "success@100": 0.8240796168811733
  },
  "bm25plus-non-seg_k1=1.8_b=0.9_delta=1.25": {
    "mrr@10": 0.38079346075454984,
    "success@100": 0.8240796168811733
  },
  "bm25plus-non-seg_k1=2.0_b=0.6_delta=0.75": {
    "mrr@10": 0.3343051754773553,
    "success@100": 0.7996108949416343
  },
  "bm25plus-non-seg_k1=2.0_b=0.6_delta=1.0": {
    "mrr@10": 0.3343051754773553,
    "success@100": 0.7996108949416343
  },
  "bm25plus-non-seg_k1=2.0_b=0.6_delta=1.25": {
    "mrr@10": 0.3343051754773553,
    "success@100": 0.7996108949416343
  },
  "bm25plus-non-seg_k1=2.0_b=0.75_delta=0.75": {
    "mrr@10": 0.3670503971817191,
    "success@100": 0.8168213109847351
  },
  "bm25plus-non-seg_k1=2.0_b=0.75_delta=1.0": {
    "mrr@10": 0.3670503971817191,
    "success@100": 0.8168213109847351
  },
  "bm25plus-non-seg_k1=2.0_b=0.75_delta=1.25": {
    "mrr@10": 0.3670503971817191,
    "success@100": 0.8168213109847351
  },
  "bm25plus-non-seg_k1=2.0_b=0.9_delta=0.75": {
    "mrr@10": 0.37881458953929686,
    "success@100": 0.8256510026938042
  },
  "bm25plus-non-seg_k1=2.0_b=0.9_delta=1.0": {
    "mrr@10": 0.37881458953929686,
    "success@100": 0.8256510026938042
  },
  "bm25plus-non-seg_k1=2.0_b=0.9_delta=1.25": {
    "mrr@10": 0.37881458953929686,
    "success@100": 0.8256510026938042
  },
  "bm25plus-non-seg_k1=2.2_b=0.6_delta=0.75": {
    "mrr@10": 0.3315030192462106,
    "success@100": 0.8001346902125113
  },
  "bm25plus-non-seg_k1=2.2_b=0.6_delta=1.0": {
    "mrr@10": 0.3315030192462106,
    "success@100": 0.8001346902125113
  },
  "bm25plus-non-seg_k1=2.2_b=0.6_delta=1.25": {
    "mrr@10": 0.3315030192462106,
    "success@100": 0.8001346902125113
  },
  "bm25plus-non-seg_k1=2.2_b=0.75_delta=0.75": {
    "mrr@10": 0.3651706135412357,
    "success@100": 0.8172702783597725
  },
  "bm25plus-non-seg_k1=2.2_b=0.75_delta=1.0": {
    "mrr@10": 0.3651706135412357,
    "success@100": 0.8172702783597725
  },
  "bm25plus-non-seg_k1=2.2_b=0.75_delta=1.25": {
    "mrr@10": 0.3651706135412357,
    "success@100": 0.8172702783597725
  },
  "bm25plus-non-seg_k1=2.2_b=0.9_delta=0.75": {
    "mrr@10": 0.3780712694136815,
    "success@100": 0.8268482490272373
  },
  "bm25plus-non-seg_k1=2.2_b=0.9_delta=1.0": {
    "mrr@10": 0.3780712694136815,
    "success@100": 0.8268482490272373
  },
  "bm25plus-non-seg_k1=2.2_b=0.9_delta=1.25": {
    "mrr@10": 0.3780712694136815,
    "success@100": 0.8268482490272373
  }
}