{
  "bm25-non-seg_k1=1.0_b=0.6": {
    "mrr@10": 0.32703294327808013,
    "success@100": 0.7790332235857528
  },
  "bm25-non-seg_k1=1.0_b=0.75": {
    "mrr@10": 0.35213535653710765,
    "success@100": 0.7906315474408859
  },
  "bm25-non-seg_k1=1.0_b=0.9": {
    "mrr@10": 0.36137119743637286,
    "success@100": 0.7974408859622868
  },
  "bm25-non-seg_k1=1.2_b=0.6": {
    "mrr@10": 0.32938930935040023,
    "success@100": 0.7832235857527686
  },
  "bm25-non-seg_k1=1.2_b=0.75": {
    "mrr@10": 0.3548417211841345,
    "success@100": 0.7955701885662975
  },
  "bm25-non-seg_k1=1.2_b=0.9": {
    "mrr@10": 0.36295778637704673,
    "success@100": 0.8044747081712063
  },
  "bm25-non-seg_k1=1.5_b=0.6": {
    "mrr@10": 0.32886655335585363,
    "success@100": 0.7878629152948219
  },
  "bm25-non-seg_k1=1.5_b=0.75": {
    "mrr@10": 0.355086307445257,
    "success@100": 0.8002095181083508
  },
  "bm25-non-seg_k1=1.5_b=0.9": {
    "mrr@10": 0.3626722823220871,
    "success@100": 0.8095630050882969
  },
  "bm25-non-seg_k1=1.8_b=0.6": {
    "mrr@10": 0.3266488564397127,
    "success@100": 0.7910056869200838
  },
  "bm25-non-seg_k1=1.8_b=0.75": {
    "mrr@10": 0.35291873334188456,
    "success@100": 0.8043250523795271
  },
  "bm25-non-seg_k1=1.8_b=0.9": {
    "mrr@10": 0.360790182580066,
    "success@100": 0.8108350793175696
  },
  "bm25-non-seg_k1=2.0_b=0.6": {
    "mrr@10": 0.32374476204729086,
    "success@100": 0.7908560311284046
  },
  "bm25-non-seg_k1=2.0_b=0.75": {
    "mrr@10": 0.3506673935662257,
    "success@100": 0.8038012571086501
  },
  "bm25-non-seg_k1=2.0_b=0.9": {
    "mrr@10": 0.35885793033166613,
    "success@100": 0.81076025142173
  },
  "bm25-non-seg_k1=2.2_b=0.6": {
    "mrr@10": 0.320770115638793,
    "success@100": 0.7903322358575277
  },
  "bm25-non-seg_k1=2.2_b=0.75": {
    "mrr@10": 0.3478249728006535,
    "success@100": 0.8042502244836875
  },
  "bm25-non-seg_k1=2.2_b=0.9": {
    "mrr@10": 0.3574383085569854,
    "success@100": 0.8106105956300509
  }
}