{
  "bm25plus-pyvi_k1=1.0_b=0.6_delta=0.75": {
    "mrr@10": 0.3755520041998631,
    "success@100": 0.8389703681532475
  },
  "bm25plus-pyvi_k1=1.0_b=0.6_delta=1.0": {
    "mrr@10": 0.3755520041998631,
    "success@100": 0.8389703681532475
  },
  "bm25plus-pyvi_k1=1.0_b=0.6_delta=1.25": {
    "mrr@10": 0.3755520041998631,
    "success@100": 0.8389703681532475
  },
  "bm25plus-pyvi_k1=1.0_b=0.75_delta=0.75": {
    "mrr@10": 0.39132373517101027,
    "success@100": 0.8433103861119425
  },
  "bm25plus-pyvi_k1=1.0_b=0.75_delta=1.0": {
    "mrr@10": 0.39132373517101027,
    "success@100": 0.8433103861119425
  },
  "bm25plus-pyvi_k1=1.0_b=0.75_delta=1.25": {
    "mrr@10": 0.39132373517101027,
    "success@100": 0.8433103861119425
  },
  "bm25plus-pyvi_k1=1.0_b=0.9_delta=0.75": {
    "mrr@10": 0.3981272834385668,
    "success@100": 0.8466776414247231
  },
  "bm25plus-pyvi_k1=1.0_b=0.9_delta=1.0": {
    "mrr@10": 0.3981272834385668,
    "success@100": 0.8466776414247231
  },
  "bm25plus-pyvi_k1=1.0_b=0.9_delta=1.25": {
    "mrr@10": 0.3981272834385668,
    "success@100": 0.8466776414247231
  },
  "bm25plus-pyvi_k1=1.2_b=0.6_delta=0.75": {
    "mrr@10": 0.3739742639548082,
    "success@100": 0.8409158934450763
  },
  "bm25plus-pyvi_k1=1.2_b=0.6_delta=1.0": {
    "mrr@10": 0.3739742639548082,
    "success@100": 0.8409158934450763
  },
  "bm25plus-pyvi_k1=1.2_b=0.6_delta=1.25": {
    "mrr@10": 0.3739742639548082,
    "success@100": 0.8409158934450763
  },
  "bm25plus-pyvi_k1=1.2_b=0.75_delta=0.75": {
    "mrr@10": 0.39127506734510464,
    "success@100": 0.8461538461538461
  },
  "bm25plus-pyvi_k1=1.2_b=0.75_delta=1.0": {
    "mrr@10": 0.39127506734510464,
    "success@100": 0.8461538461538461
  },
  "bm25plus-pyvi_k1=1.2_b=0.75_delta=1.25": {
    "mrr@10": 0.39127506734510464,
    "success@100": 0.8461538461538461
  },
  "bm25plus-pyvi_k1=1.2_b=0.9_delta=0.75": {
    "mrr@10": 0.3974068570858436,
    "success@100": 0.8510176593834181
  },
  "bm25plus-pyvi_k1=1.2_b=0.9_delta=1.0": {
    "mrr@10": 0.3974068570858436,
    "success@100": 0.8510176593834181
  },
  "bm25plus-pyvi_k1=1.2_b=0.9_delta=1.25": {
    "mrr@10": 0.3974068570858436,
    "success@100": 0.8510176593834181
  },
  "bm25plus-pyvi_k1=1.5_b=0.6_delta=0.75": {
    "mrr@10": 0.36951080966158745,
    "success@100": 0.8436096976953008
  },
  "bm25plus-pyvi_k1=1.5_b=0.6_delta=1.0": {
    "mrr@10": 0.36951080966158745,
    "success@100": 0.8436096976953008
  },
  "bm25plus-pyvi_k1=1.5_b=0.6_delta=1.25": {
    "mrr@10": 0.36951080966158745,
    "success@100": 0.8436096976953008
  },
  "bm25plus-pyvi_k1=1.5_b=0.75_delta=0.75": {
    "mrr@10": 0.3891827665417144,
    "success@100": 0.8488476504040706
  },
  "bm25plus-pyvi_k1=1.5_b=0.75_delta=1.0": {
    "mrr@10": 0.3891827665417144,
    "success@100": 0.8488476504040706
  },
  "bm25plus-pyvi_k1=1.5_b=0.75_delta=1.25": {
    "mrr@10": 0.3891827665417144,
    "success@100": 0.8488476504040706
  },
  "bm25plus-pyvi_k1=1.5_b=0.9_delta=0.75": {
    "mrr@10": 0.3956259531648622,
    "success@100": 0.8513169709667764
  },
  "bm25plus-pyvi_k1=1.5_b=0.9_delta=1.0": {
    "mrr@10": 0.3956259531648622,
    "success@100": 0.8513169709667764
  },
  "bm25plus-pyvi_k1=1.5_b=0.9_delta=1.25": {
    "mrr@10": 0.3956259531648622,
    "success@100": 0.8513169709667764
  },
  "bm25plus-pyvi_k1=1.8_b=0.6_delta=0.75": {
    "mrr@10": 0.3656185713335514,
    "success@100": 0.8451810835079318
  },
  "bm25plus-pyvi_k1=1.8_b=0.6_delta=1.0": {
    "mrr@10": 0.3656185713335514,
    "success@100": 0.8451810835079318
  },
  "bm25plus-pyvi_k1=1.8_b=0.6_delta=1.25": {
    "mrr@10": 0.3656185713335514,
    "success@100": 0.8451810835079318
  },
  "bm25plus-pyvi_k1=1.8_b=0.75_delta=0.75": {
    "mrr@10": 0.3862832152715406,
    "success@100": 0.8502693804250224
  },
  "bm25plus-pyvi_k1=1.8_b=0.75_delta=1.0": {
    "mrr@10": 0.3862832152715406,
    "success@100": 0.8502693804250224
  },
  "bm25plus-pyvi_k1=1.8_b=0.75_delta=1.25": {
    "mrr@10": 0.3862832152715406,
    "success@100": 0.8502693804250224
  },
  "bm25plus-pyvi_k1=1.8_b=0.9_delta=0.75": {
    "mrr@10": 0.39218692839801605,
    "success@100": 0.8525890451960491
  },
  "bm25plus-pyvi_k1=1.8_b=0.9_delta=1.0": {
    "mrr@10": 0.39218692839801605,
    "success@100": 0.8525890451960491
  },
  "bm25plus-pyvi_k1=1.8_b=0.9_delta=1.25": {
    "mrr@10": 0.39218692839801605,
    "success@100": 0.8525890451960491
  },
  "bm25plus-pyvi_k1=2.0_b=0.6_delta=0.75": {
    "mrr@10": 0.3618117021327135,
    "success@100": 0.8433852140077821
  },
  "bm25plus-pyvi_k1=2.0_b=0.6_delta=1.0": {
    "mrr@10": 0.3618117021327135,
    "success@100": 0.8433852140077821
  },
  "bm25plus-pyvi_k1=2.0_b=0.6_delta=1.25": {
    "mrr@10": 0.36180421934312956,
    "success@100": 0.8433852140077821
  },
  "bm25plus-pyvi_k1=2.0_b=0.75_delta=0.75": {
    "mrr@10": 0.38423922597074145,
    "success@100": 0.8501197246333433
  },
  "bm25plus-pyvi_k1=2.0_b=0.75_delta=1.0": {
    "mrr@10": 0.38423922597074145,
    "success@100": 0.8501197246333433
  },
  "bm25plus-pyvi_k1=2.0_b=0.75_delta=1.25": {
    "mrr@10": 0.38423922597074145,
    "success@100": 0.8501197246333433
  },
  "bm25plus-pyvi_k1=2.0_b=0.9_delta=0.75": {
    "mrr@10": 0.3893298092957617,
    "success@100": 0.8512421430709368
  },
  "bm25plus-pyvi_k1=2.0_b=0.9_delta=1.0": {
    "mrr@10": 0.3893298092957617,
    "success@100": 0.8512421430709368
  },
  "bm25plus-pyvi_k1=2.0_b=0.9_delta=1.25": {
    "mrr@10": 0.3893298092957617,
    "success@100": 0.8512421430709368
  },
  "bm25plus-pyvi_k1=2.2_b=0.6_delta=0.75": {
    "mrr@10": 0.35835587078291364,
    "success@100": 0.8425621071535468
  },
  "bm25plus-pyvi_k1=2.2_b=0.6_delta=1.0": {
    "mrr@10": 0.35835587078291364,
    "success@100": 0.8425621071535468
  },
  "bm25plus-pyvi_k1=2.2_b=0.6_delta=1.25": {
    "mrr@10": 0.3583621064409003,
    "success@100": 0.8425621071535468
  },
  "bm25plus-pyvi_k1=2.2_b=0.75_delta=0.75": {
    "mrr@10": 0.38146397214976757,
    "success@100": 0.8489224782999102
  },
  "bm25plus-pyvi_k1=2.2_b=0.75_delta=1.0": {
    "mrr@10": 0.38146397214976757,
    "success@100": 0.8489224782999102
  },
  "bm25plus-pyvi_k1=2.2_b=0.75_delta=1.25": {
    "mrr@10": 0.38146397214976757,
    "success@100": 0.8489224782999102
  },
  "bm25plus-pyvi_k1=2.2_b=0.9_delta=0.75": {
    "mrr@10": 0.38582385513319306,
    "success@100": 0.8505686920083807
  },
  "bm25plus-pyvi_k1=2.2_b=0.9_delta=1.0": {
    "mrr@10": 0.38582385513319306,
    "success@100": 0.8505686920083807
  },
  "bm25plus-pyvi_k1=2.2_b=0.9_delta=1.25": {
    "mrr@10": 0.38582385513319306,
    "success@100": 0.8505686920083807
  }
}