{
  "tfidf-pyvi": {
    "mrr@10": 0.2602205106825748,
    "success@100": 0.7621221191260101
  }
}