{
  "tfidf-non-seg": {
    "mrr@10": 0.25584646384743703,
    "success@100": 0.7250074827895839
  }
}