{
  "train-multilingual-e5-base": {
    "mrr@10": 0.61489161238674,
    "success@100": 0.9762795570188566
  }
}