{
  "train-embeddinggemma-300m": {
    "mrr@10": 0.5855960754550157,
    "success@100": 0.9673002095181084
  }
}
