{
  "cross_phranker_n10_bce": {
    "mrr@10": 0.7725175845555243,
    "recall@1": 0.6115683926967962,
    "recall@3": 0.8017060760251432,
    "recall@5": 0.8542352589045208,
    "recall@10": 0.9097575576174801,
    "recall@20": 0.9545794672253807,
    "ndcg@5": 0.7696365839687624,
    "ndcg@10": 0.7894879229223322,
    "ndcg@20": 0.8019438052972753
  }
}
