{
  "bm25-non-seg_k1=1.0_b=0.6": {
    "mrr@10": 0.32703294327808013,
    "success@100": 0.7790332235857528
  },
  "bm25-non-seg_k1=1.0_b=0.75": {
    "mrr@10": 0.35213535653710765,
    "success@100": 0.7906315474408859
  },
  "bm25-non-seg_k1=1.0_b=0.9": {
    "mrr@10": 0.36137119743637286,
    "success@100": 0.7974408859622868
  },
  "bm25-non-seg_k1=1.2_b=0.6": {
    "mrr@10": 0.32938930935040023,
    "success@100": 0.7832235857527686
  },
  "bm25-non-seg_k1=1.2_b=0.75": {
    "mrr@10": 0.3548417211841345,
    "success@100": 0.7955701885662975
  },
  "bm25-non-seg_k1=1.2_b=0.9": {
    "mrr@10": 0.36295778637704673,
    "success@100": 0.8044747081712063
  },
  "bm25-non-seg_k1=1.5_b=0.6": {
    "mrr@10": 0.32886655335585363,
    "success@100": 0.7878629152948219
  },
  "bm25-non-seg_k1=1.5_b=0.75": {
    "mrr@10": 0.355086307445257,
    "success@100": 0.8002095181083508
  },
  "bm25-non-seg_k1=1.5_b=0.9": {
    "mrr@10": 0.3626722823220871,
    "success@100": 0.8095630050882969
  },
  "bm25-non-seg_k1=1.8_b=0.6": {
    "mrr@10": 0.3266488564397127,
    "success@100": 0.7910056869200838
  },
  "bm25-non-seg_k1=1.8_b=0.75": {
    "mrr@10": 0.35291873334188456,
    "success@100": 0.8043250523795271
  },
  "bm25-non-seg_k1=1.8_b=0.9": {
    "mrr@10": 0.360790182580066,
    "success@100": 0.8108350793175696
  },
  "bm25-non-seg_k1=2.0_b=0.6": {
    "mrr@10": 0.32374476204729086,
    "success@100": 0.7908560311284046
  },
  "bm25-non-seg_k1=2.0_b=0.75": {
    "mrr@10": 0.3506673935662257,
    "success@100": 0.8038012571086501
  },
  "bm25-non-seg_k1=2.0_b=0.9": {
    "mrr@10": 0.35885793033166613,
    "success@100": 0.81076025142173
  },
  "bm25-non-seg_k1=2.2_b=0.6": {
    "mrr@10": 0.320770115638793,
    "success@100": 0.7903322358575277
  },
  "bm25-non-seg_k1=2.2_b=0.75": {
    "mrr@10": 0.3478249728006535,
    "success@100": 0.8042502244836875
  },
  "bm25-non-seg_k1=2.2_b=0.9": {
    "mrr@10": 0.3574383085569854,
    "success@100": 0.8106105956300509
  },
  "bm25-pyvi_k1=1.0_b=0.6": {
    "mrr@10": 0.3753510972382565,
    "success@100": 0.8397186471116432
  },
  "bm25-pyvi_k1=1.0_b=0.75": {
    "mrr@10": 0.38883710323398973,
    "success@100": 0.8438341813828195
  },
  "bm25-pyvi_k1=1.0_b=0.9": {
    "mrr@10": 0.3928077326909996,
    "success@100": 0.8469769530080814
  },
  "bm25-pyvi_k1=1.2_b=0.6": {
    "mrr@10": 0.37309658024638453,
    "success@100": 0.8412152050284346
  },
  "bm25-pyvi_k1=1.2_b=0.75": {
    "mrr@10": 0.3879946955336042,
    "success@100": 0.8464531577372044
  },
  "bm25-pyvi_k1=1.2_b=0.9": {
    "mrr@10": 0.3910570568644481,
    "success@100": 0.8492217898832685
  },
  "bm25-pyvi_k1=1.5_b=0.6": {
    "mrr@10": 0.3680188839478717,
    "success@100": 0.8429362466327447
  },
  "bm25-pyvi_k1=1.5_b=0.75": {
    "mrr@10": 0.3855566720352694,
    "success@100": 0.8486231667165519
  },
  "bm25-pyvi_k1=1.5_b=0.9": {
    "mrr@10": 0.38847724638094155,
    "success@100": 0.8493714456749476
  },
  "bm25-pyvi_k1=1.8_b=0.6": {
    "mrr@10": 0.3636027909617397,
    "success@100": 0.8428614187369051
  },
  "bm25-pyvi_k1=1.8_b=0.75": {
    "mrr@10": 0.3816532095228566,
    "success@100": 0.8480993714456749
  },
  "bm25-pyvi_k1=1.8_b=0.9": {
    "mrr@10": 0.38431752801888824,
    "success@100": 0.8486979946123915
  },
  "bm25-pyvi_k1=2.0_b=0.6": {
    "mrr@10": 0.36021914477653666,
    "success@100": 0.8418886560909907
  },
  "bm25-pyvi_k1=2.0_b=0.75": {
    "mrr@10": 0.378790240779538,
    "success@100": 0.8475007482789584
  },
  "bm25-pyvi_k1=2.0_b=0.9": {
    "mrr@10": 0.3810516763824144,
    "success@100": 0.8474259203831188
  },
  "bm25-pyvi_k1=2.2_b=0.6": {
    "mrr@10": 0.3565071169643144,
    "success@100": 0.8410655492367555
  },
  "bm25-pyvi_k1=2.2_b=0.75": {
    "mrr@10": 0.37590120104711355,
    "success@100": 0.8467524693205627
  },
  "bm25-pyvi_k1=2.2_b=0.9": {
    "mrr@10": 0.377196347210938,
    "success@100": 0.8457048787788087
  },
  "bm25plus-non-seg_k1=1.0_b=0.6_delta=0.75": {
    "mrr@10": 0.336550249901418,
    "success@100": 0.7828494462735708
  },
  "bm25plus-non-seg_k1=1.0_b=0.6_delta=1.0": {
    "mrr@10": 0.336550249901418,
    "success@100": 0.7828494462735708
  },
  "bm25plus-non-seg_k1=1.0_b=0.6_delta=1.25": {
    "mrr@10": 0.336550249901418,
    "success@100": 0.7828494462735708
  },
  "bm25plus-non-seg_k1=1.0_b=0.75_delta=0.75": {
    "mrr@10": 0.36543945948128786,
    "success@100": 0.8006584854833882
  },
  "bm25plus-non-seg_k1=1.0_b=0.75_delta=1.0": {
    "mrr@10": 0.36543945948128786,
    "success@100": 0.8006584854833882
  },
  "bm25plus-non-seg_k1=1.0_b=0.75_delta=1.25": {
    "mrr@10": 0.36543945948128786,
    "success@100": 0.8006584854833882
  },
  "bm25plus-non-seg_k1=1.0_b=0.9_delta=0.75": {
    "mrr@10": 0.37966736030938286,
    "success@100": 0.8120323256510027
  },
  "bm25plus-non-seg_k1=1.0_b=0.9_delta=1.0": {
    "mrr@10": 0.37966736030938286,
    "success@100": 0.8120323256510027
  },
  "bm25plus-non-seg_k1=1.0_b=0.9_delta=1.25": {
    "mrr@10": 0.37966736030938286,
    "success@100": 0.8120323256510027
  },
  "bm25plus-non-seg_k1=1.2_b=0.6_delta=0.75": {
    "mrr@10": 0.338694336359706,
    "success@100": 0.7892098174199341
  },
  "bm25plus-non-seg_k1=1.2_b=0.6_delta=1.0": {
    "mrr@10": 0.338694336359706,
    "success@100": 0.7892098174199341
  },
  "bm25plus-non-seg_k1=1.2_b=0.6_delta=1.25": {
    "mrr@10": 0.338694336359706,
    "success@100": 0.7892098174199341
  },
  "bm25plus-non-seg_k1=1.2_b=0.75_delta=0.75": {
    "mrr@10": 0.3677162466802532,
    "success@100": 0.8072433403172703
  },
  "bm25plus-non-seg_k1=1.2_b=0.75_delta=1.0": {
    "mrr@10": 0.3677162466802532,
    "success@100": 0.8072433403172703
  },
  "bm25plus-non-seg_k1=1.2_b=0.75_delta=1.25": {
    "mrr@10": 0.3677162466802532,
    "success@100": 0.8072433403172703
  },
  "bm25plus-non-seg_k1=1.2_b=0.9_delta=0.75": {
    "mrr@10": 0.3823222362376057,
    "success@100": 0.8169709667764142
  },
  "bm25plus-non-seg_k1=1.2_b=0.9_delta=1.0": {
    "mrr@10": 0.3823222362376057,
    "success@100": 0.8169709667764142
  },
  "bm25plus-non-seg_k1=1.2_b=0.9_delta=1.25": {
    "mrr@10": 0.3823222362376057,
    "success@100": 0.8169709667764142
  },
  "bm25plus-non-seg_k1=1.5_b=0.6_delta=0.75": {
    "mrr@10": 0.3388163177073676,
    "success@100": 0.7963184675246932
  },
  "bm25plus-non-seg_k1=1.5_b=0.6_delta=1.0": {
    "mrr@10": 0.3388163177073676,
    "success@100": 0.7963184675246932
  },
  "bm25plus-non-seg_k1=1.5_b=0.6_delta=1.25": {
    "mrr@10": 0.3388163177073676,
    "success@100": 0.7963184675246932
  },
  "bm25plus-non-seg_k1=1.5_b=0.75_delta=0.75": {
    "mrr@10": 0.3694213725098929,
    "success@100": 0.8136785393594732
  },
  "bm25plus-non-seg_k1=1.5_b=0.75_delta=1.0": {
    "mrr@10": 0.3694213725098929,
    "success@100": 0.8136785393594732
  },
  "bm25plus-non-seg_k1=1.5_b=0.75_delta=1.25": {
    "mrr@10": 0.3694213725098929,
    "success@100": 0.8136785393594732
  },
  "bm25plus-non-seg_k1=1.5_b=0.9_delta=0.75": {
    "mrr@10": 0.38348290004418367,
    "success@100": 0.8219096079018258
  },
  "bm25plus-non-seg_k1=1.5_b=0.9_delta=1.0": {
    "mrr@10": 0.38348290004418367,
    "success@100": 0.8219096079018258
  },
  "bm25plus-non-seg_k1=1.5_b=0.9_delta=1.25": {
    "mrr@10": 0.38348290004418367,
    "success@100": 0.8219096079018258
  },
  "bm25plus-non-seg_k1=1.8_b=0.6_delta=0.75": {
    "mrr@10": 0.33614341775820455,
    "success@100": 0.7988626159832386
  },
  "bm25plus-non-seg_k1=1.8_b=0.6_delta=1.0": {
    "mrr@10": 0.33614341775820455,
    "success@100": 0.7988626159832386
  },
  "bm25plus-non-seg_k1=1.8_b=0.6_delta=1.25": {
    "mrr@10": 0.33614341775820455,
    "success@100": 0.7988626159832386
  },
  "bm25plus-non-seg_k1=1.8_b=0.75_delta=0.75": {
    "mrr@10": 0.3687752395680406,
    "success@100": 0.8167464830888955
  },
  "bm25plus-non-seg_k1=1.8_b=0.75_delta=1.0": {
    "mrr@10": 0.3687752395680406,
    "success@100": 0.8167464830888955
  },